{
  "id": "000000000000000000020c5281e68cbf5b382e02e3a42d4a9d2965b08d1f8bb3",
  "height": 899826,
  "version": 675938304,
  "timestamp": 1749079098,
  "bits": 386021236,
  "nonce": 3788797215,
  "difficulty": 126982285146989,
  "merkle_root": "5cfec02bcaec6a56a80867699f669eb86c6c2592c2db80abec18c56ad4286d49",
  "tx_count": 3680,
  "size": 1662761,
  "weight": 3987206,
  "previousblockhash": "0000000000000000000062a420bc1cac7529dbf3fe254a280209930930e02edc",
  "mediantime": 1749076815,
  "extras": {
    "totalFees": 2633486,
    "medianFee": 2,
    "feeRange": [1, 1, 1, 1.09803921568627, 2.7536231884058, 5, 476.190476190476],
    "reward": 315133486,
    "pool": {
      "id": 49,
      "name": "Solo CK",
      "slug": "solock",
      "minerNames": null
    },
    "avgFee": 715,
    "avgFeeRate": 2,
    "coinbaseRaw": "03f2ba0d00043ad4406804bf0da4070c0692f0791d000000000000000a636b706f6f6c112f736f6c6f2e636b706f6f6c2e6f72672f",
    "coinbaseAddress": "bc1qa8r4up9nchkvdnhcf9feexv2jfantrk48ef374",
    "coinbaseAddresses": [
      "bc1qa8r4up9nchkvdnhcf9feexv2jfantrk48ef374",
      "bc1q28kkr5hk4gnqe3evma6runjrd2pvqyp8fpwfzu"
    ],
    "coinbaseSignature": "OP_0 OP_PUSHBYTES_20 e9c75e04b3c5ecc6cef849539c998a927b358ed5",
    "coinbaseSignatureAscii": "\u0003òº\r\u0000\u0004:Ô@h\u0004¿\r¤\u0007\f\u0006ðy\u001D\u0000\u0000\u0000\u0000\u0000\u0000\u0000\nckpool\u0011/solo.ckpool.org/",
    "avgTxSize": 451.75,
    "totalInputs": 7343,
    "totalOutputs": 9060,
    "totalOutputAmt": 249474992139,
    "medianFeeAmt": 224,
    "feePercentiles": [99, 142, 154, 224, 555, 1022, 200946],
    "segwitTotalTxs": 3516,
    "segwitTotalSize": 1540754,
    "segwitTotalWeight": 3499286,
    "header": "00004a28dc2ee03009930902284a25fef3db2975ac1cbc20a46200000000000000000000496d28d46ac518ecab80dbc292256c6cb89e669f696708a8566aecca2bc0fe5c3ad44068743702171f75d4e1",
    "utxoSetChange": 1717,
    "utxoSetSize": 169937287,
    "totalInputAmt": 249477625625,
    "virtualSize": 996801.5,
    "firstSeen": null,
    "orphans": [],
    "matchRate": 100,
    "expectedFees": 2722817,
    "expectedWeight": 3991804
  }
}